,TRADE DATE,INSTRUMENT SERIES CODE,CLOSING SESSION PRICE
11611,2018-10-04,EREGL.E,11.07
11612,2018-10-12,EREGL.E,10.95
11613,2018-10-19,EREGL.E,10.21
11614,2018-10-03,EREGL.E,10.98
11615,2018-10-02,EREGL.E,11.17
11616,2018-10-01,EREGL.E,11.02
11617,2018-10-31,EREGL.E,9.06
11618,2018-10-30,EREGL.E,8.73
11619,2018-10-26,EREGL.E,8.99
11620,2018-10-05,EREGL.E,11.14
11621,2018-10-25,EREGL.E,9.56
11622,2018-10-23,EREGL.E,9.85
11623,2018-10-08,EREGL.E,11.03
11624,2018-10-24,EREGL.E,9.35
11625,2018-10-22,EREGL.E,9.85
11626,2018-10-11,EREGL.E,10.65
11627,2018-10-09,EREGL.E,11.18
11628,2018-10-18,EREGL.E,10.3
11629,2018-10-10,EREGL.E,10.76
11630,2018-10-17,EREGL.E,10.58
11631,2018-10-15,EREGL.E,10.99
11632,2018-10-16,EREGL.E,10.89
11403,2018-11-19,EREGL.E,8.76
11404,2018-11-20,EREGL.E,8.23
11405,2018-11-08,EREGL.E,9.0
11406,2018-11-21,EREGL.E,8.31
11407,2018-11-12,EREGL.E,8.68
11408,2018-11-29,EREGL.E,7.54
11409,2018-11-13,EREGL.E,8.8
11410,2018-11-16,EREGL.E,8.85
11411,2018-11-01,EREGL.E,8.83
11412,2018-11-22,EREGL.E,8.22
11413,2018-11-05,EREGL.E,9.47
11414,2018-11-06,EREGL.E,9.31
11415,2018-11-15,EREGL.E,8.82
11416,2018-11-23,EREGL.E,8.14
11417,2018-11-07,EREGL.E,9.15
11418,2018-11-09,EREGL.E,9.1
11419,2018-11-14,EREGL.E,9.03
11420,2018-11-26,EREGL.E,8.03
11421,2018-11-28,EREGL.E,7.76
11422,2018-11-02,EREGL.E,9.37
11423,2018-11-30,EREGL.E,7.59
11424,2018-11-27,EREGL.E,7.72
11177,2018-12-11,EREGL.E,7.41
11178,2018-12-12,EREGL.E,7.36
11179,2018-12-14,EREGL.E,7.54
11180,2018-12-13,EREGL.E,7.76
11181,2018-12-07,EREGL.E,7.83
11182,2018-12-21,EREGL.E,7.42
11183,2018-12-03,EREGL.E,8.13
11184,2018-12-24,EREGL.E,7.42
11185,2018-12-26,EREGL.E,7.27
11186,2018-12-28,EREGL.E,7.11
11187,2018-12-25,EREGL.E,7.32
11188,2018-12-06,EREGL.E,7.8
11189,2018-12-27,EREGL.E,7.11
11190,2018-12-19,EREGL.E,7.64
11191,2018-12-10,EREGL.E,7.43
11192,2018-12-18,EREGL.E,7.48
11193,2018-12-05,EREGL.E,8.23
11194,2018-12-17,EREGL.E,7.51
11195,2018-12-20,EREGL.E,7.44
11196,2018-12-04,EREGL.E,7.89
11197,2018-12-31,EREGL.E,7.22
11682,2019-01-30,EREGL.E,8.43
11683,2019-01-09,EREGL.E,7.65
11684,2019-01-17,EREGL.E,7.44
11685,2019-01-23,EREGL.E,8.39
11686,2019-01-29,EREGL.E,8.61
11687,2019-01-14,EREGL.E,7.5
11688,2019-01-28,EREGL.E,8.23
11689,2019-01-16,EREGL.E,7.4
11690,2019-01-24,EREGL.E,8.51
11691,2019-01-22,EREGL.E,8.45
11692,2019-01-11,EREGL.E,7.4
11693,2019-01-03,EREGL.E,7.07
11694,2019-01-25,EREGL.E,8.47
11695,2019-01-02,EREGL.E,7.0
11696,2019-01-18,EREGL.E,7.89
11697,2019-01-08,EREGL.E,7.43
11698,2019-01-21,EREGL.E,8.18
11699,2019-01-10,EREGL.E,7.53
11700,2019-01-15,EREGL.E,7.5
11701,2019-01-07,EREGL.E,7.33
11702,2019-01-04,EREGL.E,7.29
11703,2019-01-31,EREGL.E,8.49
11124,2019-02-13,EREGL.E,8.46
11125,2019-02-08,EREGL.E,8.31
11126,2019-02-14,EREGL.E,8.66
11127,2019-02-28,EREGL.E,9.32
11128,2019-02-22,EREGL.E,9.25
11129,2019-02-20,EREGL.E,8.8
11130,2019-02-25,EREGL.E,9.09
11131,2019-02-06,EREGL.E,8.2
11132,2019-02-15,EREGL.E,8.59
11133,2019-02-19,EREGL.E,9.05
11134,2019-02-11,EREGL.E,8.51
11135,2019-02-01,EREGL.E,8.28
11136,2019-02-07,EREGL.E,8.59
11137,2019-02-26,EREGL.E,9.4
11138,2019-02-04,EREGL.E,8.27
11139,2019-02-05,EREGL.E,8.26
11140,2019-02-12,EREGL.E,8.51
11141,2019-02-27,EREGL.E,9.44
11142,2019-02-18,EREGL.E,8.84
11143,2019-02-21,EREGL.E,8.84
11084,2019-03-22,EREGL.E,8.8
11085,2019-03-26,EREGL.E,9.11
11086,2019-03-29,EREGL.E,9.12
11087,2019-03-25,EREGL.E,9.22
11088,2019-03-27,EREGL.E,8.83
11089,2019-03-20,EREGL.E,9.22
11090,2019-03-18,EREGL.E,9.43
11091,2019-03-21,EREGL.E,9.08
11092,2019-03-12,EREGL.E,8.97
11093,2019-03-06,EREGL.E,8.99
11094,2019-03-01,EREGL.E,9.01
11095,2019-03-07,EREGL.E,8.9
11096,2019-03-19,EREGL.E,9.44
11097,2019-03-14,EREGL.E,9.16
11098,2019-03-13,EREGL.E,8.94
11099,2019-03-15,EREGL.E,9.42
11100,2019-03-08,EREGL.E,8.78
11101,2019-03-11,EREGL.E,8.96
11102,2019-03-04,EREGL.E,9.06
11103,2019-03-05,EREGL.E,8.86
11104,2019-03-28,EREGL.E,9.16
11708,2019-04-10,EREGL.E,9.54
11709,2019-04-12,EREGL.E,9.45
11710,2019-04-08,EREGL.E,9.39
11711,2019-04-04,EREGL.E,9.46
11712,2019-04-09,EREGL.E,9.66
11713,2019-04-25,EREGL.E,8.84
11714,2019-04-17,EREGL.E,9.22
11715,2019-04-18,EREGL.E,9.26
11716,2019-04-26,EREGL.E,8.71
11717,2019-04-29,EREGL.E,9.04
11718,2019-04-30,EREGL.E,9.16
11719,2019-04-22,EREGL.E,9.23
11720,2019-04-19,EREGL.E,9.27
11721,2019-04-24,EREGL.E,9.08
11722,2019-04-15,EREGL.E,9.18
11723,2019-04-16,EREGL.E,9.17
11724,2019-04-01,EREGL.E,9.02
11725,2019-04-02,EREGL.E,8.86
11726,2019-04-05,EREGL.E,9.39
11727,2019-04-03,EREGL.E,9.1
11728,2019-04-11,EREGL.E,9.32
12370,2019-05-15,EREGL.E,7.59
12371,2019-05-24,EREGL.E,7.28
12372,2019-05-13,EREGL.E,7.4
12373,2019-05-20,EREGL.E,7.43
12374,2019-05-10,EREGL.E,7.53
12375,2019-05-06,EREGL.E,8.88
12376,2019-05-16,EREGL.E,7.61
12377,2019-05-31,EREGL.E,7.25
12378,2019-05-21,EREGL.E,7.25
12379,2019-05-07,EREGL.E,8.91
12380,2019-05-28,EREGL.E,7.17
12381,2019-05-30,EREGL.E,7.34
12382,2019-05-27,EREGL.E,7.12
12383,2019-05-09,EREGL.E,7.39
12384,2019-05-23,EREGL.E,7.27
12385,2019-05-29,EREGL.E,7.25
12386,2019-05-14,EREGL.E,7.64
12387,2019-05-22,EREGL.E,7.1
12388,2019-05-03,EREGL.E,9.02
12389,2019-05-02,EREGL.E,9.05
12390,2019-05-17,EREGL.E,7.48
12391,2019-05-08,EREGL.E,7.46
9046,2019-06-21,EREGL.E,7.56
9047,2019-06-10,EREGL.E,7.64
9048,2019-06-13,EREGL.E,7.47
9049,2019-06-28,EREGL.E,7.87
9050,2019-06-14,EREGL.E,7.38
9051,2019-06-03,EREGL.E,7.29
9052,2019-06-24,EREGL.E,7.6
9053,2019-06-27,EREGL.E,7.83
9054,2019-06-20,EREGL.E,7.48
9055,2019-06-17,EREGL.E,7.35
9056,2019-06-07,EREGL.E,7.49
9057,2019-06-11,EREGL.E,7.74
9058,2019-06-12,EREGL.E,7.6
9059,2019-06-26,EREGL.E,7.68
9060,2019-06-19,EREGL.E,7.4
9061,2019-06-18,EREGL.E,7.45
9062,2019-06-25,EREGL.E,7.66
12002,2019-07-03,EREGL.E,7.78
12003,2019-07-11,EREGL.E,7.48
12004,2019-07-12,EREGL.E,7.22
12005,2019-07-23,EREGL.E,7.67
12006,2019-07-02,EREGL.E,7.88
12007,2019-07-31,EREGL.E,7.43
12008,2019-07-19,EREGL.E,7.72
12009,2019-07-10,EREGL.E,7.19
12010,2019-07-16,EREGL.E,7.37
12011,2019-07-17,EREGL.E,7.44
12012,2019-07-18,EREGL.E,7.49
12013,2019-07-24,EREGL.E,7.73
12014,2019-07-08,EREGL.E,7.53
12015,2019-07-01,EREGL.E,7.96
12016,2019-07-09,EREGL.E,7.28
12017,2019-07-30,EREGL.E,7.52
12018,2019-07-04,EREGL.E,7.78
12019,2019-07-25,EREGL.E,7.66
12020,2019-07-05,EREGL.E,7.58
12021,2019-07-22,EREGL.E,7.67
12022,2019-07-26,EREGL.E,7.7
12023,2019-07-29,EREGL.E,7.67
9647,2019-08-15,EREGL.E,6.36
9648,2019-08-27,EREGL.E,6.43
9649,2019-08-08,EREGL.E,6.75
9650,2019-08-06,EREGL.E,7.07
9651,2019-08-02,EREGL.E,7.22
9652,2019-08-23,EREGL.E,6.39
9653,2019-08-09,EREGL.E,6.73
9654,2019-08-29,EREGL.E,6.41
9655,2019-08-20,EREGL.E,6.23
9656,2019-08-28,EREGL.E,6.33
9657,2019-08-07,EREGL.E,6.73
9658,2019-08-21,EREGL.E,6.11
9659,2019-08-05,EREGL.E,7.08
9660,2019-08-22,EREGL.E,6.21
9661,2019-08-19,EREGL.E,6.13
9662,2019-08-16,EREGL.E,6.21
9663,2019-08-26,EREGL.E,6.43
9664,2019-08-01,EREGL.E,7.36
11969,2019-09-23,EREGL.E,6.53
11970,2019-09-20,EREGL.E,6.78
11971,2019-09-16,EREGL.E,7.0
11972,2019-09-11,EREGL.E,6.9
11973,2019-09-18,EREGL.E,7.1
11974,2019-09-19,EREGL.E,6.92
11975,2019-09-24,EREGL.E,6.65
11976,2019-09-05,EREGL.E,6.64
11977,2019-09-04,EREGL.E,6.5
11978,2019-09-12,EREGL.E,7.06
11979,2019-09-02,EREGL.E,6.44
11980,2019-09-06,EREGL.E,6.57
11981,2019-09-17,EREGL.E,7.02
11982,2019-09-26,EREGL.E,6.64
11983,2019-09-25,EREGL.E,6.72
11984,2019-09-13,EREGL.E,7.09
11985,2019-09-09,EREGL.E,6.84
11986,2019-09-10,EREGL.E,6.9
11987,2019-09-30,EREGL.E,6.85
11988,2019-09-03,EREGL.E,6.48
11989,2019-09-27,EREGL.E,6.83
12452,2019-10-31,EREGL.E,6.54
12453,2019-10-07,EREGL.E,6.64
12454,2019-10-22,EREGL.E,6.46
12455,2019-10-17,EREGL.E,6.57
12456,2019-10-30,EREGL.E,6.58
12457,2019-10-11,EREGL.E,6.9
12458,2019-10-24,EREGL.E,6.59
12459,2019-10-28,EREGL.E,6.53
12460,2019-10-25,EREGL.E,6.58
12461,2019-10-16,EREGL.E,6.67
12462,2019-10-08,EREGL.E,6.63
12463,2019-10-10,EREGL.E,6.72
12464,2019-10-18,EREGL.E,6.59
12465,2019-10-01,EREGL.E,6.8
12466,2019-10-04,EREGL.E,6.68
12467,2019-10-23,EREGL.E,6.6
12468,2019-10-21,EREGL.E,6.5
12469,2019-10-02,EREGL.E,6.72
12470,2019-10-09,EREGL.E,6.55
12471,2019-10-14,EREGL.E,6.67
12472,2019-10-03,EREGL.E,6.61
12473,2019-10-15,EREGL.E,6.66
14252,2019-11-15,EREGL.E,7.36
14253,2019-11-18,EREGL.E,7.52
14254,2019-11-19,EREGL.E,7.62
14255,2019-11-01,EREGL.E,6.5
14256,2019-11-27,EREGL.E,7.79
14257,2019-11-25,EREGL.E,7.71
14258,2019-11-26,EREGL.E,7.9
14259,2019-11-28,EREGL.E,7.87
14260,2019-11-29,EREGL.E,8.02
14261,2019-11-22,EREGL.E,7.63
14262,2019-11-04,EREGL.E,6.69
14263,2019-11-20,EREGL.E,7.48
14264,2019-11-21,EREGL.E,7.49
14265,2019-11-07,EREGL.E,7.21
14266,2019-11-06,EREGL.E,6.91
14267,2019-11-11,EREGL.E,7.25
14268,2019-11-05,EREGL.E,6.89
14269,2019-11-14,EREGL.E,7.24
14270,2019-11-08,EREGL.E,7.25
14271,2019-11-13,EREGL.E,7.3
14272,2019-11-12,EREGL.E,7.38
15154,2019-12-10,EREGL.E,8.33
15155,2019-12-27,EREGL.E,8.93
15156,2019-12-30,EREGL.E,9.04
15157,2019-12-16,EREGL.E,8.64
15158,2019-12-26,EREGL.E,8.81
15159,2019-12-12,EREGL.E,8.64
15160,2019-12-25,EREGL.E,8.77
15161,2019-12-20,EREGL.E,8.76
15162,2019-12-13,EREGL.E,8.66
15163,2019-12-19,EREGL.E,8.55
15164,2019-12-18,EREGL.E,8.55
15165,2019-12-24,EREGL.E,8.8
15166,2019-12-11,EREGL.E,8.29
15167,2019-12-23,EREGL.E,8.78
15168,2019-12-17,EREGL.E,8.65
15169,2019-12-31,EREGL.E,9.04
15170,2019-12-03,EREGL.E,8.06
15171,2019-12-06,EREGL.E,8.16
15172,2019-12-02,EREGL.E,8.27
15173,2019-12-04,EREGL.E,8.17
15174,2019-12-09,EREGL.E,8.31
15175,2019-12-05,EREGL.E,8.1
13363,2020-01-13,EREGL.E,9.55
13364,2020-01-10,EREGL.E,9.28
13365,2020-01-17,EREGL.E,9.5
13366,2020-01-07,EREGL.E,8.93
13367,2020-01-16,EREGL.E,9.29
13368,2020-01-20,EREGL.E,9.79
13369,2020-01-22,EREGL.E,9.75
13370,2020-01-31,EREGL.E,9.33
13371,2020-01-27,EREGL.E,9.41
13372,2020-01-29,EREGL.E,9.47
13373,2020-01-21,EREGL.E,9.86
13374,2020-01-28,EREGL.E,9.36
13375,2020-01-30,EREGL.E,9.41
13376,2020-01-24,EREGL.E,9.62
13377,2020-01-23,EREGL.E,9.73
13378,2020-01-15,EREGL.E,9.31
13379,2020-01-09,EREGL.E,9.28
13380,2020-01-08,EREGL.E,8.95
13381,2020-01-02,EREGL.E,9.13
13382,2020-01-06,EREGL.E,8.89
13383,2020-01-14,EREGL.E,9.57
13384,2020-01-03,EREGL.E,8.95
10260,2020-02-05,EREGL.E,9.43
10261,2020-02-06,EREGL.E,9.38
10262,2020-02-10,EREGL.E,9.06
10263,2020-02-11,EREGL.E,9.23
10264,2020-02-19,EREGL.E,8.78
10265,2020-02-13,EREGL.E,9.04
10266,2020-02-12,EREGL.E,9.11
10267,2020-02-21,EREGL.E,8.96
10268,2020-02-20,EREGL.E,8.8
10269,2020-02-26,EREGL.E,8.92
10270,2020-02-27,EREGL.E,8.55
10271,2020-02-14,EREGL.E,9.04
10272,2020-02-28,EREGL.E,8.25
10273,2020-02-25,EREGL.E,8.66
10274,2020-02-17,EREGL.E,9.02
10275,2020-02-24,EREGL.E,8.67
10276,2020-02-18,EREGL.E,8.92
10277,2020-02-07,EREGL.E,9.24
10278,2020-02-03,EREGL.E,9.17
10279,2020-02-04,EREGL.E,9.4
8654,2020-03-16,EREGL.E,7.47
8655,2020-03-04,EREGL.E,8.3
8656,2020-03-06,EREGL.E,8.9
8657,2020-03-05,EREGL.E,8.75
8658,2020-03-03,EREGL.E,8.51
8659,2020-03-02,EREGL.E,8.26
8660,2020-03-31,EREGL.E,7.51
8661,2020-03-11,EREGL.E,8.46
8662,2020-03-23,EREGL.E,7.58
8663,2020-03-26,EREGL.E,7.63
8664,2020-03-13,EREGL.E,8.04
8665,2020-03-17,EREGL.E,7.4
8666,2020-03-09,EREGL.E,8.53
8667,2020-03-30,EREGL.E,7.47
8668,2020-03-12,EREGL.E,8.15
8669,2020-03-24,EREGL.E,8.01
8670,2020-03-10,EREGL.E,8.66
8671,2020-03-18,EREGL.E,7.52
8672,2020-03-27,EREGL.E,7.33
8673,2020-03-19,EREGL.E,7.7
8674,2020-03-20,EREGL.E,7.86
8675,2020-03-25,EREGL.E,7.7
5081,2020-04-22,EREGL.E,8.1
5082,2020-04-27,EREGL.E,8.07
5083,2020-04-15,EREGL.E,7.91
5084,2020-04-10,EREGL.E,7.61
5085,2020-04-14,EREGL.E,7.83
5086,2020-04-02,EREGL.E,7.64
5087,2020-04-28,EREGL.E,7.92
5088,2020-04-13,EREGL.E,7.58
5089,2020-04-06,EREGL.E,7.83
5090,2020-04-03,EREGL.E,7.62
5091,2020-04-07,EREGL.E,7.7
5092,2020-04-08,EREGL.E,7.52
5093,2020-04-20,EREGL.E,8.34
5094,2020-04-09,EREGL.E,7.64
5095,2020-04-21,EREGL.E,8.19
5096,2020-04-30,EREGL.E,8.09
5097,2020-04-29,EREGL.E,8.18
5098,2020-04-24,EREGL.E,7.96
5099,2020-04-01,EREGL.E,7.64
5100,2020-04-17,EREGL.E,8.23
5101,2020-04-16,EREGL.E,8.0
3151,2020-05-13,EREGL.E,8.15
3152,2020-05-14,EREGL.E,8.0
3153,2020-05-20,EREGL.E,7.97
3154,2020-05-29,EREGL.E,8.05
3155,2020-05-08,EREGL.E,8.05
3156,2020-05-18,EREGL.E,7.96
3157,2020-05-15,EREGL.E,7.91
3158,2020-05-12,EREGL.E,8.06
3159,2020-05-04,EREGL.E,7.79
3160,2020-05-06,EREGL.E,8.0
3161,2020-05-27,EREGL.E,8.15
3162,2020-05-07,EREGL.E,8.0
3163,2020-05-21,EREGL.E,8.18
3164,2020-05-11,EREGL.E,7.91
3165,2020-05-28,EREGL.E,8.11
3166,2020-05-22,EREGL.E,8.06
3167,2020-05-05,EREGL.E,7.76
4710,2020-06-01,EREGL.E,8.13
4711,2020-06-09,EREGL.E,8.63
4712,2020-06-18,EREGL.E,8.34
4713,2020-06-16,EREGL.E,8.38
4714,2020-06-03,EREGL.E,8.44
4715,2020-06-10,EREGL.E,8.62
4716,2020-06-12,EREGL.E,8.5
4717,2020-06-30,EREGL.E,8.58
4718,2020-06-25,EREGL.E,8.47
4719,2020-06-24,EREGL.E,8.37
4720,2020-06-29,EREGL.E,8.5
4721,2020-06-26,EREGL.E,8.48
4722,2020-06-08,EREGL.E,8.71
4723,2020-06-04,EREGL.E,8.51
4724,2020-06-05,EREGL.E,8.67
4725,2020-06-11,EREGL.E,8.58
4726,2020-06-02,EREGL.E,8.26
4727,2020-06-19,EREGL.E,8.32
4728,2020-06-23,EREGL.E,8.45
4729,2020-06-17,EREGL.E,8.26
4730,2020-06-22,EREGL.E,8.45
4731,2020-06-15,EREGL.E,8.36
4953,2020-07-07,EREGL.E,8.53
4954,2020-07-10,EREGL.E,8.6
4955,2020-07-09,EREGL.E,8.68
4956,2020-07-23,EREGL.E,8.36
4957,2020-07-17,EREGL.E,8.7
4958,2020-07-20,EREGL.E,8.59
4959,2020-07-29,EREGL.E,7.89
4960,2020-07-03,EREGL.E,8.53
4961,2020-07-27,EREGL.E,8.46
4962,2020-07-06,EREGL.E,8.65
4963,2020-07-28,EREGL.E,8.06
4964,2020-07-16,EREGL.E,8.98
4965,2020-07-22,EREGL.E,8.34
4966,2020-07-13,EREGL.E,8.9
4967,2020-07-02,EREGL.E,8.74
4968,2020-07-24,EREGL.E,8.37
4969,2020-07-08,EREGL.E,8.63
4970,2020-07-30,EREGL.E,7.64
4971,2020-07-01,EREGL.E,8.4
4972,2020-07-14,EREGL.E,8.87
4973,2020-07-21,EREGL.E,8.41
5355,2020-08-25,EREGL.E,8.77
5356,2020-08-28,EREGL.E,8.88
5357,2020-08-27,EREGL.E,8.85
5358,2020-08-26,EREGL.E,8.76
5359,2020-08-18,EREGL.E,8.57
5360,2020-08-06,EREGL.E,7.98
5361,2020-08-13,EREGL.E,8.65
5362,2020-08-12,EREGL.E,8.58
5363,2020-08-14,EREGL.E,8.56
5364,2020-08-05,EREGL.E,8.03
5365,2020-08-07,EREGL.E,8.18
5366,2020-08-17,EREGL.E,8.54
5367,2020-08-04,EREGL.E,7.76
5368,2020-08-11,EREGL.E,8.53
5369,2020-08-21,EREGL.E,8.94
5370,2020-08-10,EREGL.E,8.44
5371,2020-08-31,EREGL.E,8.72
5372,2020-08-24,EREGL.E,8.96
5373,2020-08-20,EREGL.E,9.0
5374,2020-08-19,EREGL.E,8.84
6644,2020-09-22,EREGL.E,9.24
6645,2020-09-16,EREGL.E,9.1
6646,2020-09-23,EREGL.E,9.1
6647,2020-09-01,EREGL.E,8.59
6648,2020-09-11,EREGL.E,9.15
6649,2020-09-14,EREGL.E,9.15
6650,2020-09-03,EREGL.E,8.73
6651,2020-09-28,EREGL.E,9.18
6652,2020-09-08,EREGL.E,8.93
6653,2020-09-29,EREGL.E,9.32
6654,2020-09-02,EREGL.E,8.67
6655,2020-09-18,EREGL.E,9.22
6656,2020-09-04,EREGL.E,8.78
6657,2020-09-25,EREGL.E,9.14
6658,2020-09-24,EREGL.E,9.25
6659,2020-09-21,EREGL.E,9.06
6660,2020-09-07,EREGL.E,8.94
6661,2020-09-30,EREGL.E,9.46
6662,2020-09-15,EREGL.E,9.18
6663,2020-09-10,EREGL.E,9.02
6664,2020-09-17,EREGL.E,9.31
6665,2020-09-09,EREGL.E,9.03
6932,2020-10-28,EREGL.E,9.29
6933,2020-10-08,EREGL.E,9.56
6934,2020-10-26,EREGL.E,10.06
6935,2020-10-06,EREGL.E,9.64
6936,2020-10-27,EREGL.E,9.67
6937,2020-10-23,EREGL.E,10.08
6938,2020-10-15,EREGL.E,9.69
6939,2020-10-14,EREGL.E,9.82
6940,2020-10-01,EREGL.E,9.52
6941,2020-10-16,EREGL.E,9.71
6942,2020-10-19,EREGL.E,9.61
6943,2020-10-02,EREGL.E,9.63
6944,2020-10-09,EREGL.E,9.7
6945,2020-10-22,EREGL.E,9.71
6946,2020-10-20,EREGL.E,9.73
6947,2020-10-21,EREGL.E,9.89
6948,2020-10-12,EREGL.E,9.68
6949,2020-10-30,EREGL.E,9.53
6950,2020-10-13,EREGL.E,9.65
6951,2020-10-07,EREGL.E,9.59
6952,2020-10-05,EREGL.E,9.7
7337,2020-11-10,EREGL.E,11.57
7338,2020-11-11,EREGL.E,11.6
7339,2020-11-18,EREGL.E,11.96
7340,2020-11-03,EREGL.E,10.06
7341,2020-11-02,EREGL.E,9.9
7342,2020-11-12,EREGL.E,11.25
7343,2020-11-13,EREGL.E,11.1
7344,2020-11-04,EREGL.E,10.36
7345,2020-11-23,EREGL.E,11.44
7346,2020-11-17,EREGL.E,10.9
7347,2020-11-24,EREGL.E,11.51
7348,2020-11-26,EREGL.E,11.86
7349,2020-11-16,EREGL.E,10.89
7350,2020-11-27,EREGL.E,11.81
7351,2020-11-30,EREGL.E,11.0
7352,2020-11-25,EREGL.E,11.7
7353,2020-11-05,EREGL.E,10.17
7354,2020-11-09,EREGL.E,11.32
7355,2020-11-20,EREGL.E,11.36
7356,2020-11-19,EREGL.E,11.45
7357,2020-11-06,EREGL.E,10.59
8299,2020-12-31,EREGL.E,14.93
8300,2020-12-17,EREGL.E,14.34
8301,2020-12-28,EREGL.E,14.2
8302,2020-12-22,EREGL.E,14.2
8303,2020-12-14,EREGL.E,14.28
8304,2020-12-16,EREGL.E,14.34
8305,2020-12-10,EREGL.E,13.42
8306,2020-12-18,EREGL.E,13.93
8307,2020-12-24,EREGL.E,14.28
8308,2020-12-29,EREGL.E,14.93
8309,2020-12-11,EREGL.E,14.34
8310,2020-12-09,EREGL.E,13.54
8311,2020-12-25,EREGL.E,14.2
8312,2020-12-03,EREGL.E,11.62
8313,2020-12-30,EREGL.E,15.21
8314,2020-12-08,EREGL.E,13.45
8315,2020-12-21,EREGL.E,13.4
8316,2020-12-07,EREGL.E,12.23
8317,2020-12-04,EREGL.E,11.62
8318,2020-12-23,EREGL.E,14.22
8319,2020-12-02,EREGL.E,11.6
8320,2020-12-01,EREGL.E,11.3
8321,2020-12-15,EREGL.E,14.26
7461,2021-01-12,EREGL.E,15.12
7462,2021-01-27,EREGL.E,14.5
7463,2021-01-05,EREGL.E,14.57
7464,2021-01-06,EREGL.E,14.65
7465,2021-01-11,EREGL.E,14.8
7466,2021-01-08,EREGL.E,15.01
7467,2021-01-13,EREGL.E,15.34
7468,2021-01-21,EREGL.E,15.2
7469,2021-01-19,EREGL.E,15.67
7470,2021-01-25,EREGL.E,14.82
7471,2021-01-26,EREGL.E,15.0
7472,2021-01-28,EREGL.E,14.69
7473,2021-01-20,EREGL.E,15.7
7474,2021-01-22,EREGL.E,14.85
7475,2021-01-15,EREGL.E,15.19
7476,2021-01-29,EREGL.E,14.35
7477,2021-01-18,EREGL.E,15.95
7478,2021-01-07,EREGL.E,14.64
7479,2021-01-14,EREGL.E,15.14
7480,2021-01-04,EREGL.E,14.8
7908,2021-02-02,EREGL.E,14.62
7909,2021-02-10,EREGL.E,15.05
7910,2021-02-12,EREGL.E,15.11
7911,2021-02-04,EREGL.E,14.8
7912,2021-02-15,EREGL.E,15.18
7913,2021-02-09,EREGL.E,14.98
7914,2021-02-11,EREGL.E,15.3
7915,2021-02-24,EREGL.E,14.42
7916,2021-02-17,EREGL.E,14.72
7917,2021-02-25,EREGL.E,14.86
7918,2021-02-03,EREGL.E,14.64
7919,2021-02-23,EREGL.E,14.44
7920,2021-02-05,EREGL.E,14.6
7921,2021-02-08,EREGL.E,14.96
7922,2021-02-26,EREGL.E,14.59
7923,2021-02-19,EREGL.E,14.76
7924,2021-02-01,EREGL.E,14.31
7925,2021-02-18,EREGL.E,14.71
7926,2021-02-22,EREGL.E,14.58
7927,2021-02-16,EREGL.E,14.72
9354,2021-03-11,EREGL.E,16.56
9355,2021-03-03,EREGL.E,15.5
9356,2021-03-01,EREGL.E,15.1
9357,2021-03-02,EREGL.E,15.1
9358,2021-03-23,EREGL.E,15.4
9359,2021-03-22,EREGL.E,14.71
9360,2021-03-19,EREGL.E,16.34
9361,2021-03-30,EREGL.E,14.89
9362,2021-03-26,EREGL.E,13.8
9363,2021-03-24,EREGL.E,14.35
9364,2021-03-31,EREGL.E,15.26
9365,2021-03-25,EREGL.E,13.72
9366,2021-03-29,EREGL.E,14.61
9367,2021-03-12,EREGL.E,16.8
9368,2021-03-16,EREGL.E,16.8
9369,2021-03-17,EREGL.E,16.94
9370,2021-03-15,EREGL.E,16.75
9371,2021-03-18,EREGL.E,16.8
9372,2021-03-09,EREGL.E,16.4
9373,2021-03-10,EREGL.E,16.8
9374,2021-03-04,EREGL.E,15.76
9375,2021-03-08,EREGL.E,16.0
9376,2021-03-05,EREGL.E,15.81
9514,2021-04-09,EREGL.E,16.31
9515,2021-04-08,EREGL.E,15.84
9516,2021-04-05,EREGL.E,15.45
9517,2021-04-01,EREGL.E,15.27
9518,2021-04-16,EREGL.E,18.34
9519,2021-04-14,EREGL.E,17.52
9520,2021-04-12,EREGL.E,16.4
9521,2021-04-21,EREGL.E,17.84
9522,2021-04-19,EREGL.E,18.16
9523,2021-04-20,EREGL.E,18.23
9524,2021-04-28,EREGL.E,18.94
9525,2021-04-26,EREGL.E,19.32
9526,2021-04-22,EREGL.E,17.99
9527,2021-04-29,EREGL.E,19.26
9528,2021-04-27,EREGL.E,19.45
9529,2021-04-30,EREGL.E,19.04
9530,2021-04-06,EREGL.E,15.41
9531,2021-04-07,EREGL.E,15.63
9532,2021-04-13,EREGL.E,17.09
9533,2021-04-15,EREGL.E,18.03
9534,2021-04-02,EREGL.E,15.15
8436,2021-05-11,EREGL.E,20.1
8437,2021-05-20,EREGL.E,18.57
8438,2021-05-06,EREGL.E,19.8
8439,2021-05-26,EREGL.E,19.08
8440,2021-05-25,EREGL.E,18.48
8441,2021-05-03,EREGL.E,18.96
8442,2021-05-05,EREGL.E,19.44
8443,2021-05-24,EREGL.E,19.23
8444,2021-05-12,EREGL.E,19.99
8445,2021-05-17,EREGL.E,19.43
8446,2021-05-21,EREGL.E,18.71
8447,2021-05-07,EREGL.E,19.74
8448,2021-05-10,EREGL.E,20.44
8449,2021-05-31,EREGL.E,19.23
8450,2021-05-28,EREGL.E,19.21
8451,2021-05-27,EREGL.E,18.86
8452,2021-05-18,EREGL.E,19.35
8453,2021-05-04,EREGL.E,19.65
11079,2021-06-24,EREGL.E,18.22
11080,2021-06-02,EREGL.E,19.23
11081,2021-06-01,EREGL.E,19.41
11082,2021-06-29,EREGL.E,18.27
11083,2021-06-28,EREGL.E,18.17
11084,2021-06-09,EREGL.E,19.02
11085,2021-06-14,EREGL.E,19.43
11086,2021-06-30,EREGL.E,18.0
11087,2021-06-25,EREGL.E,18.14
11088,2021-06-10,EREGL.E,19.06
11089,2021-06-07,EREGL.E,19.11
11090,2021-06-18,EREGL.E,17.79
11091,2021-06-04,EREGL.E,18.91
11092,2021-06-17,EREGL.E,18.71
11093,2021-06-21,EREGL.E,18.19
11094,2021-06-16,EREGL.E,18.93
11095,2021-06-11,EREGL.E,19.2
11096,2021-06-03,EREGL.E,19.06
11097,2021-06-22,EREGL.E,18.21
11098,2021-06-23,EREGL.E,17.98
11099,2021-06-15,EREGL.E,19.07
11100,2021-06-08,EREGL.E,19.02
8760,2021-07-30,EREGL.E,20.0
8761,2021-07-26,EREGL.E,18.04
8762,2021-07-13,EREGL.E,17.92
8763,2021-07-14,EREGL.E,18.19
8764,2021-07-05,EREGL.E,18.22
8765,2021-07-02,EREGL.E,18.17
8766,2021-07-16,EREGL.E,18.1
8767,2021-07-12,EREGL.E,18.19
8768,2021-07-19,EREGL.E,17.92
8769,2021-07-08,EREGL.E,17.56
8770,2021-07-01,EREGL.E,18.03
8771,2021-07-06,EREGL.E,18.02
8772,2021-07-07,EREGL.E,18.03
8773,2021-07-09,EREGL.E,18.05
8774,2021-07-28,EREGL.E,18.73
8775,2021-07-29,EREGL.E,20.0
8776,2021-07-27,EREGL.E,18.48
10977,2021-08-23,EREGL.E,18.64
10978,2021-08-31,EREGL.E,18.78
10979,2021-08-26,EREGL.E,18.4
10980,2021-08-25,EREGL.E,18.56
10981,2021-08-24,EREGL.E,18.63
10982,2021-08-27,EREGL.E,18.71
10983,2021-08-20,EREGL.E,18.64
10984,2021-08-19,EREGL.E,18.55
10985,2021-08-10,EREGL.E,19.71
10986,2021-08-18,EREGL.E,19.02
10987,2021-08-11,EREGL.E,19.07
10988,2021-08-17,EREGL.E,19.43
10989,2021-08-09,EREGL.E,20.52
10990,2021-08-02,EREGL.E,19.7
10991,2021-08-13,EREGL.E,19.74
10992,2021-08-03,EREGL.E,20.06
10993,2021-08-06,EREGL.E,20.8
10994,2021-08-05,EREGL.E,20.38
10995,2021-08-16,EREGL.E,19.54
10996,2021-08-04,EREGL.E,19.92
10997,2021-08-12,EREGL.E,19.77
11641,2021-09-09,EREGL.E,18.07
11642,2021-09-08,EREGL.E,17.93
11643,2021-09-16,EREGL.E,17.11
11644,2021-09-06,EREGL.E,18.25
11645,2021-09-02,EREGL.E,18.41
11646,2021-09-15,EREGL.E,17.38
11647,2021-09-23,EREGL.E,16.95
11648,2021-09-22,EREGL.E,16.9
11649,2021-09-30,EREGL.E,16.65
11650,2021-09-24,EREGL.E,16.86
11651,2021-09-28,EREGL.E,16.61
11652,2021-09-20,EREGL.E,16.49
11653,2021-09-21,EREGL.E,16.06
11654,2021-09-29,EREGL.E,16.47
11655,2021-09-27,EREGL.E,16.84
11656,2021-09-07,EREGL.E,18.06
11657,2021-09-14,EREGL.E,17.77
11658,2021-09-13,EREGL.E,18.06
11659,2021-09-10,EREGL.E,17.93
11660,2021-09-17,EREGL.E,17.04
11661,2021-09-03,EREGL.E,18.11
11662,2021-09-01,EREGL.E,18.49
10734,2021-10-07,EREGL.E,16.96
10735,2021-10-05,EREGL.E,16.15
10736,2021-10-01,EREGL.E,16.67
10737,2021-10-04,EREGL.E,16.33
10738,2021-10-28,EREGL.E,19.69
10739,2021-10-27,EREGL.E,19.77
10740,2021-10-26,EREGL.E,20.0
10741,2021-10-25,EREGL.E,19.63
10742,2021-10-22,EREGL.E,19.35
10743,2021-10-20,EREGL.E,18.24
10744,2021-10-21,EREGL.E,18.85
10745,2021-10-19,EREGL.E,18.11
10746,2021-10-15,EREGL.E,17.83
10747,2021-10-18,EREGL.E,18.2
10748,2021-10-14,EREGL.E,17.55
10749,2021-10-13,EREGL.E,17.38
10750,2021-10-11,EREGL.E,17.56
10751,2021-10-12,EREGL.E,17.63
10752,2021-10-08,EREGL.E,17.07
10753,2021-10-06,EREGL.E,16.15
12176,2021-11-09,EREGL.E,19.63
12177,2021-11-10,EREGL.E,19.35
12178,2021-11-11,EREGL.E,19.44
12179,2021-11-15,EREGL.E,20.16
12180,2021-11-12,EREGL.E,19.57
12181,2021-11-16,EREGL.E,19.5
12182,2021-11-17,EREGL.E,20.14
12183,2021-11-18,EREGL.E,21.02
12184,2021-11-19,EREGL.E,21.24
12185,2021-11-22,EREGL.E,21.56
12186,2021-11-23,EREGL.E,23.08
12187,2021-11-25,EREGL.E,23.16
12188,2021-11-26,EREGL.E,22.48
12189,2021-11-29,EREGL.E,22.84
12190,2021-11-30,EREGL.E,22.54
12191,2021-11-01,EREGL.E,19.7
12192,2021-11-02,EREGL.E,19.09
12193,2021-11-03,EREGL.E,18.95
12194,2021-11-04,EREGL.E,18.9
12195,2021-11-05,EREGL.E,18.8
12196,2021-11-08,EREGL.E,19.54
12197,2021-11-24,EREGL.E,23.0
13532,2021-12-28,EREGL.E,27.82
13533,2021-12-10,EREGL.E,26.72
13534,2021-12-13,EREGL.E,28.68
13535,2021-12-14,EREGL.E,30.14
13536,2021-12-29,EREGL.E,29.28
13537,2021-12-15,EREGL.E,30.96
13538,2021-12-07,EREGL.E,25.44
13539,2021-12-08,EREGL.E,25.32
13540,2021-12-16,EREGL.E,33.6
13541,2021-12-17,EREGL.E,30.9
13542,2021-12-30,EREGL.E,28.36
13543,2021-12-31,EREGL.E,28.16
13544,2021-12-20,EREGL.E,31.38
13545,2021-12-09,EREGL.E,26.4
13546,2021-12-01,EREGL.E,22.94
13547,2021-12-21,EREGL.E,28.26
13548,2021-12-22,EREGL.E,25.44
13549,2021-12-23,EREGL.E,26.38
13550,2021-12-06,EREGL.E,23.66
13551,2021-12-02,EREGL.E,23.4
13552,2021-12-24,EREGL.E,28.38
13553,2021-12-27,EREGL.E,28.72
13554,2021-12-03,EREGL.E,23.8
13248,2022-01-14,EREGL.E,31.48
13249,2022-01-19,EREGL.E,29.34
13250,2022-01-24,EREGL.E,0.0
13251,2022-01-28,EREGL.E,27.28
13252,2022-01-03,EREGL.E,29.24
13253,2022-01-11,EREGL.E,31.76
13254,2022-01-10,EREGL.E,30.5
13255,2022-01-25,EREGL.E,27.28
13256,2022-01-18,EREGL.E,0.0
13257,2022-01-26,EREGL.E,27.2
13258,2022-01-21,EREGL.E,28.74
13259,2022-01-07,EREGL.E,30.62
13260,2022-01-17,EREGL.E,30.56
13261,2022-01-31,EREGL.E,27.28
13262,2022-01-06,EREGL.E,30.2
13263,2022-01-04,EREGL.E,30.22
13264,2022-01-27,EREGL.E,27.8
13265,2022-01-05,EREGL.E,30.86
13266,2022-01-13,EREGL.E,31.62
13267,2022-01-20,EREGL.E,28.66
13268,2022-01-12,EREGL.E,31.58
12317,2022-02-09,EREGL.E,29.6
12318,2022-02-08,EREGL.E,28.44
12319,2022-02-07,EREGL.E,28.74
12320,2022-02-04,EREGL.E,26.68
12321,2022-02-03,EREGL.E,26.9
12322,2022-02-02,EREGL.E,27.3
12323,2022-02-01,EREGL.E,27.6
12324,2022-02-28,EREGL.E,31.08
12325,2022-02-25,EREGL.E,31.16
12326,2022-02-24,EREGL.E,29.08
12327,2022-02-23,EREGL.E,30.42
12328,2022-02-22,EREGL.E,28.4
12329,2022-02-21,EREGL.E,28.86
12330,2022-02-18,EREGL.E,28.34
12331,2022-02-17,EREGL.E,28.04
12332,2022-02-16,EREGL.E,28.18
12333,2022-02-15,EREGL.E,28.56
12334,2022-02-14,EREGL.E,27.94
12335,2022-02-11,EREGL.E,29.08
12336,2022-02-10,EREGL.E,29.46
13480,2022-03-15,EREGL.E,34.22
13481,2022-03-14,EREGL.E,34.4
13482,2022-03-11,EREGL.E,33.98
13483,2022-03-10,EREGL.E,34.62
13484,2022-03-08,EREGL.E,34.44
13485,2022-03-09,EREGL.E,33.86
13486,2022-03-07,EREGL.E,34.58
13487,2022-03-04,EREGL.E,34.0
13488,2022-03-03,EREGL.E,35.34
13489,2022-03-02,EREGL.E,34.48
13490,2022-03-01,EREGL.E,33.18
13491,2022-03-31,EREGL.E,32.44
13492,2022-03-30,EREGL.E,32.62
13493,2022-03-29,EREGL.E,32.52
13494,2022-03-28,EREGL.E,32.7
13495,2022-03-25,EREGL.E,33.2
13496,2022-03-24,EREGL.E,33.52
13497,2022-03-23,EREGL.E,33.5
13498,2022-03-22,EREGL.E,33.8
13499,2022-03-21,EREGL.E,36.28
13500,2022-03-18,EREGL.E,36.16
13501,2022-03-17,EREGL.E,35.76
13502,2022-03-16,EREGL.E,34.28
13641,2022-04-13,EREGL.E,35.16
13642,2022-04-01,EREGL.E,33.32
13643,2022-04-28,EREGL.E,33.16
13644,2022-04-20,EREGL.E,35.68
13645,2022-04-18,EREGL.E,35.18
13646,2022-04-11,EREGL.E,34.36
13647,2022-04-21,EREGL.E,36.5
13648,2022-04-14,EREGL.E,35.04
13649,2022-04-08,EREGL.E,34.02
13650,2022-04-07,EREGL.E,34.06
13651,2022-04-25,EREGL.E,34.5
13652,2022-04-29,EREGL.E,33.56
13653,2022-04-06,EREGL.E,33.62
13654,2022-04-27,EREGL.E,34.34
13655,2022-04-26,EREGL.E,33.08
13656,2022-04-19,EREGL.E,35.88
13657,2022-04-12,EREGL.E,34.42
13658,2022-04-05,EREGL.E,34.6
13659,2022-04-15,EREGL.E,35.3
13660,2022-04-04,EREGL.E,34.38
13661,2022-04-22,EREGL.E,34.96
11884,2022-05-11,EREGL.E,34.14
11885,2022-05-10,EREGL.E,34.62
11886,2022-05-09,EREGL.E,33.52
11887,2022-05-06,EREGL.E,32.94
11888,2022-05-05,EREGL.E,33.5
11889,2022-05-31,EREGL.E,34.2
11890,2022-05-30,EREGL.E,34.74
11891,2022-05-27,EREGL.E,32.88
11892,2022-05-26,EREGL.E,32.42
11893,2022-05-25,EREGL.E,32.28
11894,2022-05-24,EREGL.E,31.6
11895,2022-05-23,EREGL.E,31.44
11896,2022-05-20,EREGL.E,31.02
11897,2022-05-18,EREGL.E,31.9
11898,2022-05-17,EREGL.E,31.72
11899,2022-05-16,EREGL.E,31.68
11900,2022-05-12,EREGL.E,32.2
11901,2022-05-13,EREGL.E,32.64
14998,2022-06-10,EREGL.E,33.24
14999,2022-06-29,EREGL.E,26.54
15000,2022-06-30,EREGL.E,27.14
15001,2022-06-16,EREGL.E,29.2
15002,2022-06-01,EREGL.E,34.24
15003,2022-06-17,EREGL.E,28.84
15004,2022-06-14,EREGL.E,30.42
15005,2022-06-20,EREGL.E,27.92
15006,2022-06-02,EREGL.E,34.68
15007,2022-06-08,EREGL.E,34.12
15008,2022-06-21,EREGL.E,28.7
15009,2022-06-22,EREGL.E,28.2
15010,2022-06-13,EREGL.E,31.14
15011,2022-06-23,EREGL.E,27.58
15012,2022-06-09,EREGL.E,33.92
15013,2022-06-03,EREGL.E,34.52
15014,2022-06-24,EREGL.E,27.86
15015,2022-06-27,EREGL.E,27.84
15016,2022-06-06,EREGL.E,35.0
15017,2022-06-28,EREGL.E,27.56
15018,2022-06-07,EREGL.E,34.7
15019,2022-06-15,EREGL.E,29.96
12351,2022-07-04,EREGL.E,25.96
12352,2022-07-26,EREGL.E,27.58
12353,2022-07-27,EREGL.E,27.22
12354,2022-07-13,EREGL.E,25.98
12355,2022-07-14,EREGL.E,25.96
12356,2022-07-18,EREGL.E,27.32
12357,2022-07-08,EREGL.E,26.52
12358,2022-07-28,EREGL.E,27.18
12359,2022-07-19,EREGL.E,27.7
12360,2022-07-05,EREGL.E,26.08
12361,2022-07-20,EREGL.E,28.24
12362,2022-07-29,EREGL.E,27.62
12363,2022-07-21,EREGL.E,27.8
12364,2022-07-07,EREGL.E,26.22
12365,2022-07-22,EREGL.E,28.14
12366,2022-07-25,EREGL.E,28.44
12367,2022-07-01,EREGL.E,27.06
12368,2022-07-06,EREGL.E,26.66
15595,2022-08-29,EREGL.E,29.2
15596,2022-08-12,EREGL.E,28.18
15597,2022-08-15,EREGL.E,27.84
15598,2022-08-31,EREGL.E,28.78
15599,2022-08-16,EREGL.E,27.76
15600,2022-08-05,EREGL.E,27.58
15601,2022-08-17,EREGL.E,27.94
15602,2022-08-18,EREGL.E,29.48
15603,2022-08-01,EREGL.E,28.04
15604,2022-08-02,EREGL.E,27.7
15605,2022-08-19,EREGL.E,29.72
15606,2022-08-22,EREGL.E,29.44
15607,2022-08-08,EREGL.E,28.7
15608,2022-08-03,EREGL.E,27.66
15609,2022-08-23,EREGL.E,29.48
15610,2022-08-10,EREGL.E,28.48
15611,2022-08-24,EREGL.E,28.66
15612,2022-08-25,EREGL.E,29.08
15613,2022-08-04,EREGL.E,27.84
15614,2022-08-09,EREGL.E,28.44
15615,2022-08-26,EREGL.E,29.5
15616,2022-08-11,EREGL.E,28.62
14791,2022-09-13,EREGL.E,30.5
14792,2022-09-12,EREGL.E,33.4
14793,2022-09-09,EREGL.E,32.46
14794,2022-09-08,EREGL.E,30.9
14795,2022-09-07,EREGL.E,30.74
14796,2022-09-06,EREGL.E,31.78
14797,2022-09-05,EREGL.E,30.98
14798,2022-09-02,EREGL.E,28.18
14799,2022-09-01,EREGL.E,27.9
14800,2022-09-30,EREGL.E,28.98
14801,2022-09-29,EREGL.E,28.86
14802,2022-09-28,EREGL.E,28.72
14803,2022-09-27,EREGL.E,29.56
14804,2022-09-26,EREGL.E,29.54
14805,2022-09-23,EREGL.E,30.14
14806,2022-09-22,EREGL.E,30.92
14807,2022-09-21,EREGL.E,30.02
14808,2022-09-20,EREGL.E,30.54
14809,2022-09-19,EREGL.E,29.54
14810,2022-09-16,EREGL.E,30.98
14811,2022-09-15,EREGL.E,30.2
14812,2022-09-14,EREGL.E,31.18
14797,2022-10-13,EREGL.E,29.24
14798,2022-10-28,EREGL.E,29.64
14799,2022-10-31,EREGL.E,29.7
14800,2022-10-03,EREGL.E,31.24
14801,2022-10-04,EREGL.E,31.24
14802,2022-10-05,EREGL.E,30.58
14803,2022-10-06,EREGL.E,30.32
14804,2022-10-07,EREGL.E,30.22
14805,2022-10-10,EREGL.E,30.56
14806,2022-10-11,EREGL.E,30.22
14807,2022-10-12,EREGL.E,29.42
14808,2022-10-27,EREGL.E,30.12
14809,2022-10-14,EREGL.E,29.4
14810,2022-10-17,EREGL.E,30.36
14811,2022-10-18,EREGL.E,30.06
14812,2022-10-19,EREGL.E,29.74
14813,2022-10-20,EREGL.E,29.84
14814,2022-10-21,EREGL.E,29.54
14815,2022-10-24,EREGL.E,30.48
14816,2022-10-25,EREGL.E,30.22
14817,2022-10-26,EREGL.E,30.8
17799,2022-11-14,EREGL.E,37.34
17800,2022-11-29,EREGL.E,41.86
17801,2022-11-15,EREGL.E,37.6
17802,2022-11-16,EREGL.E,37.04
17803,2022-11-10,EREGL.E,37.54
17804,2022-11-17,EREGL.E,36.9
17805,2022-11-18,EREGL.E,36.9
17806,2022-11-01,EREGL.E,29.68
17807,2022-11-21,EREGL.E,37.7
17808,2022-11-08,EREGL.E,35.74
17809,2022-11-02,EREGL.E,30.62
17810,2022-11-22,EREGL.E,40.7
17811,2022-11-23,EREGL.E,41.44
17812,2022-11-03,EREGL.E,30.28
17813,2022-11-11,EREGL.E,36.5
17814,2022-11-24,EREGL.E,41.48
17815,2022-11-09,EREGL.E,34.72
17816,2022-11-25,EREGL.E,41.88
17817,2022-11-28,EREGL.E,41.9
17818,2022-11-04,EREGL.E,33.3
17819,2022-11-07,EREGL.E,36.62
17820,2022-11-30,EREGL.E,42.66
18097,2022-12-29,EREGL.E,41.4
18098,2022-12-14,EREGL.E,41.02
18099,2022-12-30,EREGL.E,41.26
18100,2022-12-09,EREGL.E,40.5
18101,2022-12-16,EREGL.E,40.58
18102,2022-12-01,EREGL.E,42.48
18103,2022-12-07,EREGL.E,40.7
18104,2022-12-19,EREGL.E,41.5
18105,2022-12-20,EREGL.E,41.94
18106,2022-12-21,EREGL.E,42.12
18107,2022-12-13,EREGL.E,43.16
18108,2022-12-22,EREGL.E,41.38
18109,2022-12-02,EREGL.E,41.42
18110,2022-12-05,EREGL.E,42.44
18111,2022-12-23,EREGL.E,41.14
18112,2022-12-08,EREGL.E,40.26
18113,2022-12-26,EREGL.E,41.48
18114,2022-12-06,EREGL.E,42.58
18115,2022-12-27,EREGL.E,40.68
18116,2022-12-28,EREGL.E,40.56
18117,2022-12-12,EREGL.E,41.48
18118,2022-12-15,EREGL.E,41.1
17896,2023-01-12,EREGL.E,39.58
17897,2023-01-13,EREGL.E,40.36
17898,2023-01-16,EREGL.E,41.02
17899,2023-01-17,EREGL.E,40.9
17900,2023-01-18,EREGL.E,40.58
17901,2023-01-19,EREGL.E,40.36
17902,2023-01-20,EREGL.E,41.0
17903,2023-01-23,EREGL.E,39.72
17904,2023-01-24,EREGL.E,39.1
17905,2023-01-25,EREGL.E,38.68
17906,2023-01-26,EREGL.E,39.02
17907,2023-01-27,EREGL.E,39.1
17908,2023-01-30,EREGL.E,39.16
17909,2023-01-31,EREGL.E,38.1
17910,2023-01-02,EREGL.E,42.78
17911,2023-01-03,EREGL.E,42.24
17912,2023-01-04,EREGL.E,42.92
17913,2023-01-05,EREGL.E,40.08
17914,2023-01-06,EREGL.E,41.64
17915,2023-01-09,EREGL.E,39.82
17916,2023-01-10,EREGL.E,37.86
17917,2023-01-11,EREGL.E,36.84
14027,2023-02-09,EREGL.E,0.0
14028,2023-02-08,EREGL.E,0.0
14029,2023-02-07,EREGL.E,37.58
14030,2023-02-06,EREGL.E,40.06
14031,2023-02-03,EREGL.E,39.26
14032,2023-02-02,EREGL.E,37.5
14033,2023-02-01,EREGL.E,36.32
14034,2023-02-28,EREGL.E,44.1
14035,2023-02-27,EREGL.E,44.04
14036,2023-02-24,EREGL.E,44.24
14037,2023-02-23,EREGL.E,44.38
14038,2023-02-22,EREGL.E,45.5
14039,2023-02-21,EREGL.E,49.86
14040,2023-02-20,EREGL.E,49.32
14041,2023-02-17,EREGL.E,45.14
14042,2023-02-16,EREGL.E,44.5
14043,2023-02-15,EREGL.E,41.32
14044,2023-02-14,EREGL.E,0.0
14045,2023-02-13,EREGL.E,0.0
14046,2023-02-10,EREGL.E,0.0
18636,2023-03-17,EREGL.E,38.0
18637,2023-03-14,EREGL.E,39.64
18638,2023-03-31,EREGL.E,35.4
18639,2023-03-23,EREGL.E,37.1
18640,2023-03-01,EREGL.E,45.42
18641,2023-03-02,EREGL.E,43.66
18642,2023-03-20,EREGL.E,37.02
18643,2023-03-24,EREGL.E,37.1
18644,2023-03-03,EREGL.E,43.98
18645,2023-03-06,EREGL.E,44.4
18646,2023-03-16,EREGL.E,39.72
18647,2023-03-07,EREGL.E,44.32
18648,2023-03-27,EREGL.E,37.38
18649,2023-03-08,EREGL.E,43.02
18650,2023-03-28,EREGL.E,35.8
18651,2023-03-21,EREGL.E,37.02
18652,2023-03-09,EREGL.E,42.98
18653,2023-03-10,EREGL.E,40.76
18654,2023-03-29,EREGL.E,36.32
18655,2023-03-22,EREGL.E,37.1
18656,2023-03-13,EREGL.E,39.92
18657,2023-03-30,EREGL.E,35.92
18658,2023-03-15,EREGL.E,38.58
15020,2023-04-10,EREGL.E,35.88
15021,2023-04-07,EREGL.E,34.86
15022,2023-04-06,EREGL.E,34.84
15023,2023-04-05,EREGL.E,35.42
15024,2023-04-04,EREGL.E,35.96
15025,2023-04-03,EREGL.E,35.3
15026,2023-04-28,EREGL.E,33.14
15027,2023-04-27,EREGL.E,32.62
15028,2023-04-26,EREGL.E,32.9
15029,2023-04-25,EREGL.E,34.16
15030,2023-04-24,EREGL.E,34.12
15031,2023-04-20,EREGL.E,34.46
15032,2023-04-19,EREGL.E,34.84
15033,2023-04-18,EREGL.E,34.7
15034,2023-04-17,EREGL.E,35.14
15035,2023-04-14,EREGL.E,35.7
15036,2023-04-13,EREGL.E,36.3
15037,2023-04-12,EREGL.E,36.26
15038,2023-04-11,EREGL.E,36.2
17518,2023-05-11,EREGL.E,31.1
17519,2023-05-10,EREGL.E,29.42
17520,2023-05-09,EREGL.E,30.08
17521,2023-05-08,EREGL.E,30.62
17522,2023-05-05,EREGL.E,29.96
17523,2023-05-04,EREGL.E,30.92
17524,2023-05-03,EREGL.E,31.3
17525,2023-05-02,EREGL.E,32.24
17526,2023-05-31,EREGL.E,33.04
17527,2023-05-30,EREGL.E,34.18
17528,2023-05-29,EREGL.E,33.54
17529,2023-05-26,EREGL.E,31.96
17530,2023-05-25,EREGL.E,31.04
17531,2023-05-24,EREGL.E,30.98
17532,2023-05-23,EREGL.E,31.0
17533,2023-05-22,EREGL.E,31.18
17534,2023-05-18,EREGL.E,31.1
17535,2023-05-17,EREGL.E,32.66
17536,2023-05-16,EREGL.E,32.68
17537,2023-05-15,EREGL.E,30.3
17538,2023-05-12,EREGL.E,30.8
18101,2023-06-23,EREGL.E,36.08
18102,2023-06-26,EREGL.E,36.84
18103,2023-06-27,EREGL.E,36.72
18104,2023-06-01,EREGL.E,33.32
18105,2023-06-02,EREGL.E,34.16
18106,2023-06-05,EREGL.E,35.1
18107,2023-06-06,EREGL.E,35.1
18108,2023-06-07,EREGL.E,36.54
18109,2023-06-08,EREGL.E,36.5
18110,2023-06-09,EREGL.E,37.14
18111,2023-06-12,EREGL.E,37.94
18112,2023-06-13,EREGL.E,37.4
18113,2023-06-14,EREGL.E,36.3
18114,2023-06-15,EREGL.E,36.6
18115,2023-06-16,EREGL.E,36.82
18116,2023-06-19,EREGL.E,35.76
18117,2023-06-20,EREGL.E,35.0
18118,2023-06-21,EREGL.E,34.1
18119,2023-06-22,EREGL.E,35.46
19172,2023-07-13,EREGL.E,38.78
19173,2023-07-27,EREGL.E,37.92
19174,2023-07-31,EREGL.E,41.7
19175,2023-07-17,EREGL.E,38.8
19176,2023-07-11,EREGL.E,39.36
19177,2023-07-18,EREGL.E,37.38
19178,2023-07-19,EREGL.E,37.68
19179,2023-07-03,EREGL.E,38.7
19180,2023-07-20,EREGL.E,37.68
19181,2023-07-07,EREGL.E,39.0
19182,2023-07-10,EREGL.E,39.4
19183,2023-07-21,EREGL.E,37.2
19184,2023-07-24,EREGL.E,37.96
19185,2023-07-04,EREGL.E,38.16
19186,2023-07-12,EREGL.E,38.76
19187,2023-07-25,EREGL.E,37.06
19188,2023-07-26,EREGL.E,37.7
19189,2023-07-05,EREGL.E,38.7
19190,2023-07-06,EREGL.E,38.4
19191,2023-07-28,EREGL.E,38.46
19192,2023-07-14,EREGL.E,38.62
18778,2023-08-11,EREGL.E,41.04
18779,2023-08-15,EREGL.E,41.56
18780,2023-08-16,EREGL.E,41.66
18781,2023-08-17,EREGL.E,42.76
18782,2023-08-18,EREGL.E,41.9
18783,2023-08-21,EREGL.E,45.0
18784,2023-08-22,EREGL.E,44.58
18785,2023-08-23,EREGL.E,44.6
18786,2023-08-24,EREGL.E,42.62
18787,2023-08-28,EREGL.E,43.8
18788,2023-08-25,EREGL.E,43.82
18789,2023-08-29,EREGL.E,43.16
18790,2023-08-31,EREGL.E,43.02
18791,2023-08-01,EREGL.E,40.76
18792,2023-08-02,EREGL.E,40.94
18793,2023-08-03,EREGL.E,40.4
18794,2023-08-04,EREGL.E,41.14
18795,2023-08-07,EREGL.E,40.98
18796,2023-08-08,EREGL.E,40.98
18797,2023-08-09,EREGL.E,41.68
18798,2023-08-10,EREGL.E,39.94
18799,2023-08-14,EREGL.E,42.56
